Feature,Importance
num__Previous_Availability,0.32175671981311466
num__Rolling_Average_Availability,0.23018762853394373
num__Lag_2_Availability,0.18751816984350914
num__Capacity,0.11862268841744862
num__Lag_3_Availability,0.11081305270002675
num__Hour,0.015885332202334363
cat__SystemCodeNumber_Others-CCCPS133,0.0043238493339716405
cat__SystemCodeNumber_Others-CCCPS119a,0.0017990175267478374
cat__SystemCodeNumber_Bull Ring,0.0016902963987931448
cat__SystemCodeNumber_Others-CCCPS135a,0.0010694304100820021
num__IsWeekend,0.0009197483143395089
cat__SystemCodeNumber_NIA Car Parks,0.0006211542835259979
cat__DayOfWeek_Sunday,0.0005448091975654044
cat__SystemCodeNumber_Shopping,0.0004530411090782239
cat__SystemCodeNumber_Others-CCCPS202,0.00041885095052620296
cat__SystemCodeNumber_BHMBRCBRG01,0.00038510213647544316
cat__SystemCodeNumber_BHMBRCBRG02,0.0003534187395056069
num__Month,0.00030250475831754357
num__Day,0.0002851369065251857
cat__SystemCodeNumber_Others-CCCPS105a,0.0002762575214386765
cat__DayOfWeek_Saturday,0.000270439396827204
cat__DayOfWeek_Monday,0.0001990162459373088
cat__SystemCodeNumber_BHMBCCSNH01,0.0001333651703376686
cat__SystemCodeNumber_Others-CCCPS98,0.0001323088707423784
cat__SystemCodeNumber_BHMEURBRD02,0.00010787448725428292
cat__DayOfWeek_Friday,0.00010469877828738629
cat__SystemCodeNumber_NIA South,9.141604377489943e-05
cat__SystemCodeNumber_Broad Street,9.133607451864782e-05
cat__SystemCodeNumber_Others-CCCPS8,8.172652718359059e-05
cat__SystemCodeNumber_BHMNCPHST01,7.245262834381096e-05
cat__DayOfWeek_Wednesday,7.038286668557204e-05
cat__DayOfWeek_Tuesday,5.829103201973101e-05
cat__SystemCodeNumber_BHMBRCBRG03,5.687522203568375e-05
cat__DayOfWeek_Thursday,5.5428055506007084e-05
cat__SystemCodeNumber_BHMBCCMKT01,3.822397363855231e-05
cat__SystemCodeNumber_BHMNCPPLS01,3.318443794738266e-05
cat__SystemCodeNumber_BHMNCPNST01,3.096965341265766e-05
cat__SystemCodeNumber_BHMMBMMBX01,2.619332306157691e-05
cat__SystemCodeNumber_BHMNCPLDH01,2.5806804373486523e-05
cat__SystemCodeNumber_BHMNCPNHS01,2.333091935896046e-05
cat__SystemCodeNumber_BHMEURBRD01,2.217754411283155e-05
cat__SystemCodeNumber_BHMNCPRAN01,1.922765278692001e-05
cat__SystemCodeNumber_BHMBCCTHL01,1.6553978412118125e-05
cat__SystemCodeNumber_BHMBCCPST01,1.0464100621800804e-05
cat__SystemCodeNumber_NIA North,2.047115549959887e-06
